accidentDate,accidentTime,accidentDay,settlementType,settlement,district,streetType,streetName,houseNumber,locationComments,accidentType,mainAccidentCause,totalParticipantsAmount,injuryStatusParticipant1,injuryStatusParticipant2,injuryStatusParticipant3,injuryStatusParticipant4,injuryStatusParticipant5,injuryStatusParticipant6,injuryStatusParticipant7,injuryStatusParticipant8,injuryStatusParticipant9,injuryStatusParticipant10,injuryStatusParticipant11,latitude,longitude
2022-06-18,15:24:00,субота,місто,Львів,Сихівський,вулиця,Зелена,172,null,наїзд на пішохода - на нерегульованому пішохідному переході,порушення правил проїзду пішохідних переходів,2,без ушкоджень,легко травмований,null,null,null,null,null,null,null,null,null,49.806583,24.06252
2022-06-22,10:57:00,середа,місто,Львів,Галицький,вулиця,Бандери С.,null,"вул. Бандери С. -  вул. Чупринки Т., ген.",наїзд на пішохода - на нерегульованому пішохідному переході,"порушення правил маневрування, невиконання вимог сигналів регулювання, перевищення безпечної швидкості",2,без ушкоджень,легко травмований,null,null,null,null,null,null,null,null,null,49.834723,24.016757
2022-06-23,17:02:00,четвер,місто,Львів,Залізничний,вулиця,Виговського І.,100,null,наїзд на велосипедиста - велосипедист рухався у попутному напрямку,недодержання дистанції,2,без ушкоджень,легко травмований,null,null,null,null,null,null,null,null,null,49.81322,23.9771
2022-07-11,5:20:00,понеділок,місто,Львів,Галицький,вулиця,Зелена,105,null,"наїзд на дорожний знак, бордюрний камінь",перевищення безпечної швидкості,1,легко травмований,null,null,null,null,null,null,null,null,null,null,49.824633,24.049748
2022-07-14,16:06:00,четвер,місто,Львів,Залізничний,вулиця,Городоцька,243,null,зіткнення бокове,порушення правил проїзду перехресть,2,без ушкоджень,легко травмований,null,null,null,null,null,null,null,null,null,49.830398,23.97242
2022-06-23,10:04:00,четвер,місто,Львів,Залізничний,вулиця,Кульпарківська,226,null,наїзд на велосипедиста - велосипедист рухався у попутному напрямку,порушення правил маневрування,2,без ушкоджень,легко травмований,null,null,null,null,null,null,null,null,null,49.80502,23.981196
2022-06-21,19:50:00,вівторок,місто,Львів,Шевченківський,вулиця,Замарстинівська,120,null,наїзд на пішохода - на нерегульованому пішохідному переході,порушення правил проїзду пішохідних переходів,2,без ушкоджень,легко травмований,null,null,null,null,null,null,null,null,null,49.861247,24.026729
2022-07-07,18:15:00,четвер,місто,Львів,Залізничний,вулиця,Широка,63а,null,"наїзд на транспортний засіб, що стоїть - по ходу руху",перевищення безпечної швидкості,2,без ушкоджень,легко травмований,null,null,null,null,null,null,null,null,null,49.841812,23.971822
2022-07-19,19:01:00,вівторок,місто,Львів,Сихівський,вулиця,Морозна,14,null,наїзд на пішохода - стояв на проїздній частині,"перевищення безпечної швидкості, недодержання дистанції",2,без ушкоджень,легко травмований,null,null,null,null,null,null,null,null,null,49.796582,24.069757
2022-07-05,12:13:00,вівторок,місто,Львів,Франківський,вулиця,Кульпарківська,230,null,"наїзд на дорожний знак, бордюрний камінь",порушення правил маневрування,2,без ушкоджень,легко травмований,null,null,null,null,null,null,null,null,null,49.802358,23.980558
2022-06-18,18:03:00,субота,місто,Львів,Сихівський,проспект,"Червоної Калини, просп.",62,null,наїзд на пішохода - пішохід на тротуарі чи велосипедній доріжці,порушення правил маневрування,2,без ушкоджень,легко травмований,null,null,null,null,null,null,null,null,null,49.791921,24.058444
2022-07-12,8:40:00,вівторок,місто,Львів,Залізничний,вулиця,Городоцька,null,вул. Городоцька - вул. Патона Є.,зіткнення бокове,порушення правил проїзду перехресть,2,без ушкоджень,легко травмований,null,null,null,null,null,null,null,null,null,49.826813,23.947604
2022-07-09,15:01:00,субота,місто,Львів,Шевченківський,вулиця,Шевченка Т.,398,null,зіткнення бокове,"порушення правил маневрування, порушення правил проїзду перехресть",2,без ушкоджень,легко травмований,null,null,null,null,null,null,null,null,null,49.871714,23.951075
2022-07-07,19:29:00,четвер,місто,Львів,Франківський,вулиця,Городоцька,211,null,зіткнення бокове,порушення правил маневрування,3,без ушкоджень,без ушкоджень,легко травмований,null,null,null,null,null,null,null,null,49.833222,23.98287
2022-07-20,10:39:00,середа,місто,Львів,Шевченківський,вулиця,Хмельницького Б.,215,null,зіткнення бокове,порушення правил маневрування,2,без ушкоджень,тяжко травмований,null,null,null,null,null,null,null,null,null,49.86179,24.050462
2022-07-01,8:08:00,п'ятниця,село,Великі Грибовичі,Шевченківський,вулиця,Миру,12,null,зіткнення бокове,порушення правил проїзду перехресть,2,без ушкоджень,легко травмований,null,null,null,null,null,null,null,null,null,49.911665,24.052656
2022-07-21,13:46:00,четвер,селище,Брюховичі,Шевченківський,вулиця,Сухомлинського,1,null,наїзд на інші види перешкод,порушення правил маневрування,1,легко травмований,null,null,null,null,null,null,null,null,null,null,49.902019,23.942776
2022-07-22,17:01:00,п'ятниця,місто,Львів,Личаківський,вулиця,Теребовлянська,null,вул. Теребовлянська - вул. Корейська,наїзд на пішохода - пішохід рухався у попутному напрямку,"перевищення безпечної швидкості, порушення правил маневрування",2,без ушкоджень,легко травмований,null,null,null,null,null,null,null,null,null,49.857246,24.054426
2022-06-06,19:51:00,понеділок,місто,Львів,Сихівський,вулиця,Хортицька,6,null,зіткнення бокове,недодержання дистанції,2,легко травмований,легко травмований,null,null,null,null,null,null,null,null,null,49.798795,24.036949
2022-07-25,11:11:00,понеділок,місто,Львів,Франківський,вулиця,Стрийська,206,null,"наїзд на опори (леп, телефонних та телеграфних ліній, рекламоносіїв, щогли антен мобільного зв'язку, тощо)","недодержання дистанції, перевищення безпечної швидкості",1,легко травмований,null,null,null,null,null,null,null,null,null,null,49.79563,24.016408
2022-07-20,20:45:00,середа,місто,Львів,Шевченківський,вулиця,Липинського В.,34,null,наїзд на пішохода - пішохід переходив дорогу поза межами піш.переходу,порушення правил маневрування,2,без ушкоджень,помер у лікарні протягом 30 діб,null,null,null,null,null,null,null,null,null,49.863253,24.032292
2022-06-24,22:49:00,п'ятниця,місто,Львів,Шевченківський,вулиця,Липинського В.,null,null,падіння пасажира,порушення правил перевезення пасажирів,2,без ушкоджень,легко травмований,null,null,null,null,null,null,null,null,null,49.865186,24.04374
2022-06-18,12:20:00,субота,місто,Львів,Франківський,вулиця,Симоненка В.,4,null,зіткнення бокове,порушення правил маневрування,3,без ушкоджень,без ушкоджень,легко травмований,null,null,null,null,null,null,null,null,49.809327,23.988165
2022-04-22,21:17:00,п'ятниця,місто,Львів,Шевченківський,вулиця,Окуневського Т.,1,null,наїзд на пішохода - на нерегульованому пішохідному переході,порушення правил проїзду пішохідних переходів,2,без ушкоджень,легко травмований,null,null,null,null,null,null,null,null,null,49.8562919,24.0194899
2022-06-12,16:16:00,неділя,місто,Львів,Шевченківський,вулиця,Грінченка Б.,null,вул. Грінченка Б. - вул. Хмельницького Б.,зіткнення бокове,порушення правил проїзду перехресть,4,без ушкоджень,без ушкоджень,легко травмований,легко травмований,null,null,null,null,null,null,null,49.869532,24.056979
2022-06-27,15:01:00,понеділок,місто,Львів,Галицький,вулиця,Під Дубом,10,null,зіткнення бокове,"невиконання вимог сигналів регулювання, порушення правил проїзду перехресть",2,легко травмований,легко травмований,null,null,null,null,null,null,null,null,null,49.850516,24.022754
2022-06-28,19:59:00,вівторок,місто,Львів,Сихівський,вулиця,Зелена,305,null,зіткнення бокове,порушення правил маневрування,2,без ушкоджень,тяжко травмований,null,null,null,null,null,null,null,null,null,49.79778,24.071973
2022-07-21,10:05:00,четвер,місто,Львів,Сихівський,проспект,"Святого Івана Павла ІІ, просп.",5,null,зіткнення бокове,порушення правил проїзду пішохідних переходів,3,без ушкоджень,легко травмований,легко травмований,null,null,null,null,null,null,null,null,49.801627,24.020416
2022-06-28,21:16:00,вівторок,село,Великі Грибовичі,Шевченківський,вулиця,Дублянська,null,вул. Дублянська - вул. Львівська,наїзд на пішохода - пішохід рухався у попутному напрямку,порушення правил маневрування,2,без ушкоджень,легко травмований,null,null,null,null,null,null,null,null,null,49.911392,24.05389
2022-07-14,13:24:00,четвер,місто,Львів,Шевченківський,вулиця,Липинського В.,28,null,наїзд на пішохода - пішохід на тротуарі чи велосипедній доріжці,порушення правил маневрування,2,без ушкоджень,легко травмований,null,null,null,null,null,null,null,null,null,49.861987,24.028977
2022-06-18,15:03:00,субота,місто,Львів,Франківський,вулиця,Княгині Ольги,116,null,наїзд на пішохода - на нерегульованому пішохідному переході,порушення правил маневрування,2,без ушкоджень,тяжко травмований,null,null,null,null,null,null,null,null,null,49.805575,23.998282
2022-06-13,10:48:00,понеділок,місто,Львів,Франківський,вулиця,Бандери С.,14,null,наїзд на пішохода - на нерегульованому пішохідному переході,перевищення безпечної швидкості,2,без ушкоджень,тяжко травмований,null,null,null,null,null,null,null,null,null,49.834682,24.012251
2022-06-21,18:56:00,вівторок,селище,Рудне,Залізничний,вулиця,Мазепи І.,19,null,наїзд на пішохода - пішохід переходив дорогу поза межами піш.переходу,порушення правил маневрування,2,без ушкоджень,тяжко травмований,null,null,null,null,null,null,null,null,null,49.835059,23.891106
2022-07-16,13:41:00,субота,місто,Львів,Личаківський,вулиця,Поліська,2,null,наїзд на пішохода - пішохід на тротуарі чи велосипедній доріжці,порушення правил маневрування,2,без ушкоджень,легко травмований,null,null,null,null,null,null,null,null,null,49.874618,24.063937
2022-07-07,13:51:00,четвер,місто,Львів,Залізничний,вулиця,Городоцька,174,null,зіткнення бокове,порушення правил маневрування,3,без ушкоджень,без ушкоджень,легко травмований,null,null,null,null,null,null,null,null,49.83082,23.969089
2022-06-27,17:01:00,понеділок,місто,Львів,Галицький,вулиця,Стрийська,86,null,зіткнення бокове,"перевищення безпечної швидкості, недодержання дистанції",4,без ушкоджень,без ушкоджень,легко травмований,легко травмований,null,null,null,null,null,null,null,49.81859,24.02018
2022-07-09,15:33:00,субота,місто,Львів,Сихівський,вулиця,Сихівська,16а,null,наїзд на пішохода - пішохід на тротуарі чи велосипедній доріжці,порушення правил маневрування,2,без ушкоджень,легко травмований,null,null,null,null,null,null,null,null,null,49.794782,24.064575
2022-06-09,22:43:00,четвер,місто,Львів,Франківський,вулиця,Кульпарківська,null,вул. Кульпарківська - вул. Антоновича В.,зіткнення бокове,невиконання вимог сигналів регулювання,3,без ушкоджень,легко травмований,тяжко травмований,null,null,null,null,null,null,null,null,49.825394,23.989801
2022-06-21,11:17:00,вівторок,місто,Львів,Залізничний,вулиця,Левандівська,null,вул. Левандівська - вул. Повітряна,зіткнення бокове,"перевищення безпечної швидкості, недодержання дистанції",2,без ушкоджень,легко травмований,null,null,null,null,null,null,null,null,null,49.846206,23.988637
2022-07-16,12:43:00,субота,місто,Львів,Франківський,вулиця,Аркаса М.,18,null,наїзд на пішохода - пішохід рухався у попутному напрямку,перевищення безпечної швидкості,2,без ушкоджень,легко травмований,null,null,null,null,null,null,null,null,null,49.81471,24.006672
2022-06-07,14:25:00,вівторок,місто,Львів,Галицький,вулиця,Городоцька,2,null,зіткнення бокове,порушення правил маневрування,2,без ушкоджень,легко травмований,null,null,null,null,null,null,null,null,null,49.844403,24.025152
2022-07-10,15:57:00,неділя,місто,Львів,Галицький,вулиця,Дорошенка П.,1,null,наїзд на пішохода - стояв на проїздній частині,порушення правил маневрування,2,без ушкоджень,легко травмований,null,null,null,null,null,null,null,null,null,49.840363,24.027502
2022-06-14,14:08:00,вівторок,село,Малехів,Шевченківський,вулиця,Київська,null,готель Марс,зіткнення бокове,"перевищення безпечної швидкості, недодержання дистанції",6,легко травмований,легко травмований,легко травмований,легко травмований,тяжко травмований,тяжко травмований,null,null,null,null,null,49.886174,24.078684
2022-06-26,21:52:00,неділя,місто,Львів,Галицький,вулиця,Листопадового Чину,7,null,"наїзд на опори (леп, телефонних та телеграфних ліній, рекламоносіїв, щогли антен мобільного зв'язку, тощо)",порушення правил маневрування,1,легко травмований,null,null,null,null,null,null,null,null,null,null,49.837882,24.015647
2022-06-16,11:33:00,четвер,місто,Львів,Личаківський,вулиця,Хмельницького Б.,311,null,наїзд на пішохода - на нерегульованому пішохідному переході,порушення правил маневрування,2,без ушкоджень,легко травмований,null,null,null,null,null,null,null,null,null,49.874874,24.061636
2022-06-17,19:53:00,п'ятниця,місто,Львів,Сихівський,вулиця,Сихівська,8,null,наїзд на інші види перешкод,порушення правил маневрування,1,легко травмований,null,null,null,null,null,null,null,null,null,null,49.79474,24.065037
2022-06-30,10:13:00,четвер,місто,Львів,Франківський,вулиця,Княгині Ольги,null,"вул. Княгині Ольги - вул. Сахарова А., акад.",зіткнення бокове,"перевищення безпечної швидкості, недодержання дистанції",6,без ушкоджень,без ушкоджень,без ушкоджень,легко травмований,легко травмований,легко травмований,null,null,null,null,null,49.828799,24.012637
2022-06-30,18:01:00,четвер,село,Малехів,Шевченківський,вулиця,Київська,13,null,зіткнення бокове,порушення правил маневрування,2,без ушкоджень,легко травмований,null,null,null,null,null,null,null,null,null,49.883737,24.075208
2022-06-24,22:15:00,п'ятниця,місто,Львів,Сихівський,вулиця,Гориня М.,2а,null,наїзд на пішохода - стояв на проїздній частині,порушення правил маневрування,2,без ушкоджень,легко травмований,null,null,null,null,null,null,null,null,null,49.788981,24.054104
2022-06-21,18:10:00,вівторок,місто,Львів,Галицький,проспект,"Шевченка Т., просп.",20,null,наїзд на пішохода - пішохід на тротуарі чи велосипедній доріжці,"порушення правил маневрування, перевищення безпечної швидкості, керування транспортним засобом у нетверезому стані",2,без ушкоджень,легко травмований,null,null,null,null,null,null,null,null,null,49.836723,24.031622
2022-06-25,23:10:00,субота,місто,Львів,Залізничний,вулиця,Залізнична,14а,null,зіткнення бокове,"перевищення безпечної швидкості, невиконання вимог сигналів регулювання",2,без ушкоджень,легко травмований,null,null,null,null,null,null,null,null,null,49.838168,24.001422
2022-07-21,15:25:00,четвер,місто,Львів,Шевченківський,проспект,"Чорновола В., просп.",95,null,наїзд на пішохода - пішохід рухався у попутному напрямку,"порушення правил маневрування, керування транспортним засобом у нетверезому стані",2,без ушкоджень,тяжко травмований,null,null,null,null,null,null,null,null,null,49.863703,24.017755
2022-07-14,14:39:00,четвер,місто,Львів,Галицький,вулиця,Зернова,7,null,наїзд на пішохода - пішохід на тротуарі чи велосипедній доріжці,порушення правил маневрування,2,без ушкоджень,легко травмований,null,null,null,null,null,null,null,null,null,49.846318,24.02483
2022-06-17,12:50:00,п'ятниця,місто,Львів,Сихівський,вулиця,Зелена,null,ДБК,наїзд на пішохода - на нерегульованому пішохідному переході,порушення правил маневрування,2,без ушкоджень,тяжко травмований,null,null,null,null,null,null,null,null,null,49.80527,24.06263
2022-06-11,6:40:00,субота,місто,Львів,Франківський,вулиця,Кульпарківська,null,вул. Кульпарківська - вул. Перфецького Л.,зіткнення бокове,"перевищення безпечної швидкості, недодержання дистанції",3,без ушкоджень,без ушкоджень,легко травмований,null,null,null,null,null,null,null,null,49.814938,23.985676
2022-07-20,19:26:00,середа,місто,Львів,Личаківський,вулиця,Зелена,96,null,наїзд на інші види перешкод,перевищення безпечної швидкості,1,тяжко травмований,null,null,null,null,null,null,null,null,null,null,49.827097,24.043751
2022-07-25,8:01:00,понеділок,місто,Львів,Шевченківський,проспект,"Чорновола В., просп.",45,null,зіткнення бокове,перевищення безпечної швидкості,2,легко травмований,легко травмований,null,null,null,null,null,null,null,null,null,49.855154,24.022341
2022-06-16,7:30:00,четвер,місто,Львів,Личаківський,вулиця,Глинянський Тракт,23,null,зіткнення бокове,порушення правил маневрування,3,без ушкоджень,легко травмований,тяжко травмований,null,null,null,null,null,null,null,null,49.836938,24.073893
2022-06-29,10:55:00,середа,місто,Львів,Сихівський,вулиця,Демнянська,null,null,наїзд на пішохода - пішохід рухався у зустрічному напрямку,порушення правил маневрування,2,без ушкоджень,легко травмований,null,null,null,null,null,null,null,null,null,49.800373,24.027908
2022-06-06,8:43:00,понеділок,місто,Львів,Залізничний,вулиця,Городоцька,284,null,зіткнення бокове,"порушення правил маневрування, перевищення безпечної швидкості, порушення правил проїзду перехресть",2,без ушкоджень,легко травмований,null,null,null,null,null,null,null,null,null,49.8225706,23.9242501
2022-06-24,19:52:00,п'ятниця,місто,Львів,Залізничний,вулиця,Городоцька,300,null,зіткнення бокове,перевищення безпечної швидкості,2,без ушкоджень,тяжко травмований,null,null,null,null,null,null,null,null,null,49.821216,23.917854
2022-06-21,15:01:00,вівторок,місто,Львів,Залізничний,вулиця,Городоцька,302,null,наїзд на інші види перешкод,порушення правил маневрування,1,тяжко травмований,null,null,null,null,null,null,null,null,null,null,49.82527,23.91125
2022-09-25,15:20:00,неділя,місто,Львів,Франківський,вулиця,Наукова,7д,null,зіткнення бокове,порушення правил маневрування,2,без ушкоджень,легко травмований,null,null,null,null,null,null,null,null,null,49.803525,24.001189
2022-10-08,12:38:00,субота,місто,Винники,Личаківський,вулиця,Галицька,12,null,зіткнення лобове,перевищення безпечної швидкості,5,без ушкоджень,легко травмований,легко травмований,легко травмований,легко травмований,null,null,null,null,null,null,49.817745,24.130558
2022-10-08,18:50:00,субота,місто,Львів,Франківський,вулиця,Стрийська,78,null,зіткнення бокове,невиконання вимог сигналів регулювання,2,без ушкоджень,легко травмований,null,null,null,null,null,null,null,null,null,49.819587,24.019686
2022-10-03,15:27:00,понеділок,місто,Львів,Личаківський,площа,"Митна, пл.",1,null,падіння пасажира,порушення правил маневрування,2,без ушкоджень,легко травмований,null,null,null,null,null,null,null,null,null,49.839737,24.036289
2022-09-23,17:03:00,п'ятниця,місто,Львів,Залізничний,площа,"Двірцева, пл.",4,null,наїзд на пішохода - стояв на проїздній частині,перехід у невстановленому місці,2,без ушкоджень,легко травмований,null,null,null,null,null,null,null,null,null,49.837568,24.000254
2022-09-29,11:01:00,четвер,місто,Львів,Шевченківський,вулиця,Грінченка Б.,5,null,наїзд на пішохода,порушення правил проїзду пішохідних переходів,2,без ушкоджень,помер у лікарні протягом 30 діб,null,null,null,null,null,null,null,null,null,49.871424,24.053482
2022-09-15,20:45:00,четвер,місто,Львів,Залізничний,вулиця,Городоцька,82,null,наїзд на пішохода - на нерегульованому пішохідному переході,неочікуваний вихід на проїзну частину,3,без ушкоджень,легко травмований,легко травмований,null,null,null,null,null,null,null,null,49.838193,24.006972
2022-10-20,21:05:00,четвер,місто,Львів,Залізничний,вулиця,Городоцька,249,null,наїзд на пішохода - пішохід на зупинці громадського транспорту,порушення правил маневрування,2,без ушкоджень,легко травмований,null,null,null,null,null,null,null,null,null,49.830682,23.968922
2022-10-05,17:30:00,середа,місто,Львів,Личаківський,вулиця,"Бобанича Т. ""Хаммера""",1,null,зіткнення бокове,порушення правил маневрування,1,легко травмований,null,null,null,null,null,null,null,null,null,null,49.842667,24.040843
2022-09-16,23:15:00,п'ятниця,місто,Львів,Галицький,вулиця,Героїв Майдану,18,null,"наїзд на транспортний засіб, що стоїть - по ходу руху","перевищення безпечної швидкості, недодержання дистанції",2,без ушкоджень,легко травмований,null,null,null,null,null,null,null,null,null,49.82899,24.01843
2022-09-20,20:09:00,вівторок,місто,Львів,Сихівський,вулиця,Зелена,184а,null,наїзд на пішохода - пішохід рухався у попутному напрямку,порушення правил проїзду пішохідних переходів,2,без ушкоджень,легко травмований,null,null,null,null,null,null,null,null,null,49.814177,24.059994
2022-09-13,12:11:00,вівторок,місто,Львів,Шевченківський,вулиця,Струмок,9,null,зіткнення бокове,порушення правил проїзду перехресть,4,без ушкоджень,без ушкоджень,легко травмований,легко травмований,null,null,null,null,null,null,null,49.858457,24.014933
2022-09-21,7:10:00,середа,місто,Львів,Личаківський,площа,"Митна, пл.",1,null,наїзд на пішохода - пішохід рухався у попутному напрямку,"порушення правил проїзду пішохідних переходів, перевищення безпечної швидкості",2,без ушкоджень,легко травмований,null,null,null,null,null,null,null,null,null,49.83974,24.036246
2022-09-16,20:19:00,п'ятниця,місто,Львів,Франківський,вулиця,Стрийська,148,null,зіткнення бокове,порушення правил проїзду пішохідних переходів,2,без ушкоджень,легко травмований,null,null,null,null,null,null,null,null,null,49.803036,24.018233
2022-09-30,14:30:00,п'ятниця,місто,Львів,Личаківський,вулиця,Пасічна,60,null,наїзд на пішохода - пішохід рухався у зустрічному напрямку,порушення правил проїзду пішохідних переходів,3,без ушкоджень,легко травмований,тяжко травмований,null,null,null,null,null,null,null,null,49.828782,24.070358
2022-09-25,13:14:00,неділя,місто,Львів,Личаківський,вулиця,Кармалюка У.,3,null,наїзд на велосипедиста - велосипедист рухався у попутному напрямку,порушення правил маневрування,2,без ушкоджень,легко травмований,null,null,null,null,null,null,null,null,null,49.83966,24.04852
2022-10-18,12:45:00,вівторок,місто,Львів,Франківський,вулиця,Кульпарківська,null,вул. Кульпарківська - вул. Трускавецька,наїзд на дорожне огородження,"керування транспортним засобом у нетверезому стані, перевищення безпечної швидкості, недодержання дистанції",1,легко травмований,null,null,null,null,null,null,null,null,null,null,49.801226,23.980338
2022-09-23,20:37:00,п'ятниця,місто,Львів,Галицький,вулиця,Хмельницького Б.,8,null,наїзд на пішохода - пішохід рухався у попутному напрямку,неочікуваний вихід на проїзну частину,2,без ушкоджень,тяжко травмований,null,null,null,null,null,null,null,null,null,49.845541,24.029202
2022-09-25,22:47:00,неділя,місто,Львів,Галицький,вулиця,Городоцька,117,null,наїзд на пішохода - пішохід переходив дорогу поза межами піш.переходу,"перехід у невстановленому місці, неочікуваний вихід на проїзну частину",2,без ушкоджень,помер на місці дтп,null,null,null,null,null,null,null,null,null,49.838,24.006554
2022-10-12,15:30:00,середа,місто,Львів,Залізничний,вулиця,Городоцька,84,null,наїзд на пішохода - пішохід рухався у попутному напрямку,порушення правил маневрування,2,без ушкоджень,легко травмований,null,null,null,null,null,null,null,null,null,49.838138,24.006731
2022-09-18,16:04:00,неділя,місто,Львів,Залізничний,вулиця,Суботівська,7,null,зіткнення бокове,порушення правил проїзду перехресть,2,легко травмований,легко травмований,null,null,null,null,null,null,null,null,null,49.844974,23.966557
2022-10-12,10:01:00,середа,місто,Львів,Личаківський,вулиця,Руставелі Ш.,null,вул. Руставелі Ш. - вул. Зелена,падіння пасажира,порушення правил маневрування,2,без ушкоджень,тяжко травмований,null,null,null,null,null,null,null,null,null,49.834263,24.035538
2022-10-03,17:21:00,понеділок,місто,Львів,Залізничний,вулиця,Городоцька,300,null,"наїзд на транспортний засіб, що стоїть - по ходу руху","порушення правил маневрування, керування транспортним засобом у нетверезому стані",2,без ушкоджень,легко травмований,null,null,null,null,null,null,null,null,null,49.822681,23.917183
2022-10-10,10:01:00,понеділок,місто,Львів,Залізничний,вулиця,Кульпарківська,null,вул. Кульпарківська - вул. Виговського І.,наїзд на пішохода - на нерегульованому пішохідному переході,порушення правил маневрування,2,без ушкоджень,легко травмований,null,null,null,null,null,null,null,null,null,49.812159,23.982543
2022-10-06,13:02:00,четвер,місто,Львів,Галицький,вулиця,Саксаганського П.,22,null,наїзд на пішохода - пішохід рухався у попутному напрямку,порушення правил проїзду пішохідних переходів,2,без ушкоджень,легко травмований,null,null,null,null,null,null,null,null,null,49.833782,24.033794
2022-09-28,21:04:00,середа,місто,Львів,Личаківський,вулиця,Хмельницького Б.,292,null,наїзд на пішохода - на регульованому пішохідному переході,порушення правил маневрування,2,без ушкоджень,легко травмований,null,null,null,null,null,null,null,null,null,49.873412,24.060327
2022-10-08,17:50:00,субота,місто,Львів,Шевченківський,вулиця,Промислова,60,null,зіткнення бокове,порушення правил маневрування,3,без ушкоджень,без ушкоджень,легко травмований,null,null,null,null,null,null,null,null,49.864882,24.045902
2022-10-06,8:20:00,четвер,місто,Львів,Сихівський,вулиця,Коломийська,16,null,наїзд на пішохода - пішохід рухався у попутному напрямку,порушення правил проїзду пішохідних переходів,2,без ушкоджень,легко травмований,null,null,null,null,null,null,null,null,null,49.787332,24.064275
2022-10-12,14:15:00,середа,місто,Львів,Сихівський,вулиця,Угорська,19,null,наїзд на пішохода - пішохід рухався у попутному напрямку,порушення правил маневрування,2,без ушкоджень,легко травмований,null,null,null,null,null,null,null,null,null,49.811068,24.043665
2022-10-03,23:49:00,понеділок,місто,Львів,Личаківський,вулиця,Руставелі Ш.,null,вул. Руставелі Ш. - вул. Костомарова М.,наїзд на велосипедиста - велосипедист рухався у зустрічному напрямку,порушення правил проїзду перехресть,2,без ушкоджень,тяжко травмований,null,null,null,null,null,null,null,null,null,49.832045,24.034857
2022-10-06,17:46:00,четвер,місто,Львів,Шевченківський,вулиця,Хмельницького Б.,105,null,наїзд на пішохода - пішохід рухався у попутному напрямку,порушення правил маневрування,2,без ушкоджень,легко травмований,null,null,null,null,null,null,null,null,null,49.853238,24.035822
2022-10-05,17:27:00,середа,місто,Львів,Залізничний,вулиця,Кульпарківська,144,null,падіння пасажира,порушення правил маневрування,2,без ушкоджень,тяжко травмований,null,null,null,null,null,null,null,null,null,49.81679,23.986233
2022-10-16,14:05:00,неділя,місто,Львів,Галицький,вулиця,Гуцульська,21,null,зіткнення бокове,недодержання дистанції,3,без ушкоджень,без ушкоджень,легко травмований,null,null,null,null,null,null,null,null,49.844483,24.038671
2022-10-06,14:10:00,четвер,місто,Львів,Личаківський,вулиця,Богданівська,100,null,зіткнення бокове,перевищення безпечної швидкості,2,легко травмований,легко травмований,null,null,null,null,null,null,null,null,null,49.853369,24.077836
2022-10-19,13:30:00,середа,місто,Львів,Франківський,вулиця,Городоцька,211,null,наїзд на велосипедиста - велосипедист рухався у попутному напрямку,порушення правил проїзду перехресть,2,без ушкоджень,легко травмований,null,null,null,null,null,null,null,null,null,49.833177,23.982661
2022-09-25,17:13:00,неділя,місто,Львів,Шевченківський,вулиця,Панча П.,7б,null,наїзд на пішохода - на нерегульованому пішохідному переході,порушення правил проїзду пішохідних переходів,2,без ушкоджень,легко травмований,null,null,null,null,null,null,null,null,null,49.861358,24.012396
2022-10-08,18:06:00,субота,місто,Львів,Франківський,вулиця,Княгині Ольги,2,null,наїзд на пішохода - на нерегульованому пішохідному переході,порушення правил маневрування,2,без ушкоджень,легко травмований,null,null,null,null,null,null,null,null,null,49.826796,24.010422
2022-09-25,20:04:00,неділя,місто,Львів,Шевченківський,проспект,"Чорновола В., просп.",57,null,наїзд на пішохода - на нерегульованому пішохідному переході,"порушення правил проїзду перехресть, порушення правил проїзду пішохідних переходів",2,без ушкоджень,тяжко травмований,null,null,null,null,null,null,null,null,null,49.856171,24.021805
2022-09-26,10:43:00,понеділок,місто,Львів,Галицький,проспект,"Чорновола В., просп.",1,null,падіння пасажира,порушення правил маневрування,2,без ушкоджень,легко травмований,null,null,null,null,null,null,null,null,null,49.845393,24.025286
2022-10-08,18:05:00,субота,місто,Львів,Шевченківський,вулиця,Тунельна,15,null,наїзд на пішохода - пішохід рухався у попутному напрямку,порушення правил проїзду пішохідних переходів,2,без ушкоджень,легко травмований,null,null,null,null,null,null,null,null,null,49.86326,24.005191
2022-10-07,16:01:00,п'ятниця,місто,Львів,Франківський,вулиця,Рубчака І.,4,null,наїзд на велосипедиста - поза межами велосипедної доріжки,порушення правил маневрування,2,без ушкоджень,легко травмований,null,null,null,null,null,null,null,null,null,49.805616,24.016714
2022-10-10,9:20:00,понеділок,місто,Львів,Франківський,вулиця,Кульпарківська,78,null,зіткнення бокове,порушення правил проїзду перехресть,2,без ушкоджень,легко травмований,null,null,null,null,null,null,null,null,null,49.82547,23.989597
2022-09-26,16:31:00,понеділок,селище,Рудне,Залізничний,вулиця,Шептицького А.,20,null,зіткнення бокове,порушення правил проїзду перехресть,9,без ушкоджень,легко травмований,легко травмований,легко травмований,легко травмований,легко травмований,тяжко травмований,тяжко травмований,тяжко травмований,null,null,49.833035,23.886616